{"cameraMode":{"drawMode":0,"name":"Shaded","section":"Shading Mode"},"sceneLighting":true,"audioPlay":false,"sceneViewState":{"m_AlwaysRefresh":false,"showFog":true,"showSkybox":true,"showFlares":true,"showImageEffects":true,"showParticleSystems":true,"showVisualEffectGraphs":true,"m_FxEnabled":true},"in2DMode":false,"pivot":{"x":2.9285144805908205,"y":0.46863338351249697,"z":-8.698330879211426},"rotation":{"x":-0.10021817684173584,"y":0.8993195295333862,"z":-0.3159082233905792,"w":-0.28530266880989077},"size":3.545602560043335,"orthographic":false}